avg_personal_score,min_personal_score,max_loops,total_latency,total_token_usage,num_agents_triggered_enhancement,num_nodes,num_edges,clustering_coefficient,transitivity,avg_degree_centrality,avg_betweenness_centrality,avg_closeness_centrality,pagerank_entropy,heterogeneity_score,collective_score,humaneval_score,gsm8k_score,mmlu_score,label_mas_score
0.0,0.0,2,1.6279587745666504,958,4,4,0,0.5,0.0,0.0,0.5,0.5,1.0,0.01,0.0,0.7034584652249326,0.35713953737972526,0.44466658227891365,0.5478044102821666
0.22499999999999998,0.0,2,0.9735283851623535,648,2,4,0,0.5,0.0,0.0,0.5,0.5,1.0,0.01,0.22499999999999998,0.3541440769003492,0.43082280965085373,0.2502114917862358,0.3563611797026779
0.3,0.3,1,0.6937196254730225,439,0,4,0,0.5,0.0,0.0,0.5,0.5,1.0,0.01,0.3,0.5386085010297099,0.15667156442546937,0.5719522233973588,0.4306961645219676
0.3,0.3,1,0.6924905776977539,449,0,4,0,0.5,0.0,0.0,0.5,0.5,1.0,0.01,0.3,0.4304510272083569,0.6249180956198657,0.6060825368612319,0.5239174496623845
0.3,0.3,1,0.680915117263794,451,0,4,0,0.5,0.0,0.0,0.5,0.5,1.0,0.01,0.3,0.10967981193979721,0.7911660300387442,0.7039527879273626,0.43298027256699434
